{"cameraMode":{"drawMode":0,"name":"Shaded","section":"Shading Mode"},"sceneLighting":false,"audioPlay":false,"sceneViewState":{"showFog":false,"showMaterialUpdate":false,"showSkybox":false,"showFlares":false,"showImageEffects":true,"showParticleSystems":true},"in2DMode":false,"pivot":{"x":4.887499809265137,"y":472.71026611328127,"z":-281.7971496582031},"rotation":{"x":0.7255091667175293,"y":-0.023722831159830095,"z":0.0250400397926569,"w":0.6873476505279541},"size":834.6240844726563,"orthographic":false}