{"cameraMode":{"drawMode":0,"name":"Shaded","section":"Shading Mode"},"sceneLighting":false,"audioPlay":false,"sceneViewState":{"showFog":false,"showMaterialUpdate":false,"showSkybox":false,"showFlares":false,"showImageEffects":true,"showParticleSystems":true},"in2DMode":false,"pivot":{"x":576.2603759765625,"y":131.47305297851563,"z":5.28289794921875},"rotation":{"x":-0.11447606235742569,"y":0.054507169872522357,"z":-0.006290440913289785,"w":-0.9919096231460571},"size":1133.83056640625,"orthographic":false}