{"cameraMode":{"drawMode":0,"name":"Shaded","section":"Shading Mode"},"sceneLighting":false,"audioPlay":false,"sceneViewState":{"showFog":false,"showMaterialUpdate":false,"showSkybox":false,"showFlares":false,"showImageEffects":true,"showParticleSystems":true},"in2DMode":false,"pivot":{"x":-0.6324958801269531,"y":583.1455078125,"z":-170.08172607421876},"rotation":{"x":0.20464089512825013,"y":-0.0528281144797802,"z":0.011061464436352253,"w":0.9773479104042053},"size":316.907470703125,"orthographic":false}