{"cameraMode":{"drawMode":0,"name":"Shaded","section":"Shading Mode"},"sceneLighting":false,"audioPlay":false,"sceneViewState":{"showFog":false,"showMaterialUpdate":false,"showSkybox":false,"showFlares":false,"showImageEffects":true,"showParticleSystems":true},"in2DMode":false,"pivot":{"x":-210.56423950195313,"y":-72.10784912109375,"z":731.1810302734375},"rotation":{"x":-0.3026571273803711,"y":0.2762610614299774,"z":-0.0921328216791153,"w":-0.9075186252593994},"size":1164.804443359375,"orthographic":false}