{"cameraMode":{"drawMode":0,"name":"Shaded","section":"Shading Mode"},"sceneLighting":false,"audioPlay":false,"sceneViewState":{"showFog":false,"showMaterialUpdate":false,"showSkybox":false,"showFlares":false,"showImageEffects":true,"showParticleSystems":true},"in2DMode":false,"pivot":{"x":-148.20700073242188,"y":586.3136596679688,"z":196.3333740234375},"rotation":{"x":0.23712122440338136,"y":0.002913563046604395,"z":-0.0007115062326192856,"w":0.9714754223823547},"size":297.03619384765627,"orthographic":false}