{"cameraMode":{"drawMode":0,"name":"Shaded","section":"Shading Mode"},"sceneLighting":false,"audioPlay":false,"sceneViewState":{"showFog":false,"showMaterialUpdate":false,"showSkybox":false,"showFlares":false,"showImageEffects":true,"showParticleSystems":true},"in2DMode":false,"pivot":{"x":26.47924041748047,"y":561.838623046875,"z":-87.1144027709961},"rotation":{"x":0.3515150547027588,"y":-0.5207939147949219,"z":0.24830658733844758,"w":0.7372617125511169},"size":151.06040954589845,"orthographic":false}