{"cameraMode":{"drawMode":0,"name":"Shaded","section":"Shading Mode"},"sceneLighting":false,"audioPlay":false,"sceneViewState":{"showFog":false,"showMaterialUpdate":false,"showSkybox":false,"showFlares":false,"showImageEffects":true,"showParticleSystems":true},"in2DMode":false,"pivot":{"x":-183.15333557128907,"y":457.426025390625,"z":235.1964111328125},"rotation":{"x":0.6150119304656982,"y":-0.0011828843271359802,"z":0.0009223577799275518,"w":0.7885164618492127},"size":447.76519775390627,"orthographic":false}