{"cameraMode":{"drawMode":0,"name":"Shaded","section":"Shading Mode"},"sceneLighting":false,"audioPlay":false,"sceneViewState":{"showFog":false,"showMaterialUpdate":false,"showSkybox":false,"showFlares":false,"showImageEffects":true,"showParticleSystems":true},"in2DMode":false,"pivot":{"x":-147.01837158203126,"y":445.4221496582031,"z":54.64194107055664},"rotation":{"x":0.7483690977096558,"y":-0.03177870064973831,"z":0.03594919666647911,"w":0.6615448594093323},"size":354.859375,"orthographic":false}