{"cameraMode":{"drawMode":0,"name":"Shaded","section":"Shading Mode"},"sceneLighting":false,"audioPlay":false,"sceneViewState":{"showFog":false,"showMaterialUpdate":false,"showSkybox":false,"showFlares":false,"showImageEffects":true,"showParticleSystems":true},"in2DMode":false,"pivot":{"x":-180.1999969482422,"y":581.9000244140625,"z":162.025390625},"rotation":{"x":0.18335235118865968,"y":-0.10154504328966141,"z":0.019044803455471994,"w":0.9776031374931336},"size":453.37017822265627,"orthographic":false}