{"cameraMode":{"drawMode":0,"name":"Shaded","section":"Shading Mode"},"sceneLighting":false,"audioPlay":false,"sceneViewState":{"showFog":false,"showMaterialUpdate":false,"showSkybox":false,"showFlares":false,"showImageEffects":true,"showParticleSystems":true},"in2DMode":false,"pivot":{"x":198.35592651367188,"y":-34.107421875,"z":-10.916015625},"rotation":{"x":0.6325837969779968,"y":0.004646392073482275,"z":-0.0037956072483211757,"w":0.774468719959259},"size":1650.273681640625,"orthographic":false}