{"cameraMode":{"drawMode":0,"name":"Shaded","section":"Shading Mode"},"sceneLighting":false,"audioPlay":false,"sceneViewState":{"showFog":false,"showMaterialUpdate":false,"showSkybox":false,"showFlares":false,"showImageEffects":true,"showParticleSystems":true},"in2DMode":false,"pivot":{"x":111.9080581665039,"y":602.776123046875,"z":-118.52437591552735},"rotation":{"x":0.4727070927619934,"y":-0.11958855390548706,"z":0.06492875516414643,"w":0.8706496953964233},"size":88.27931213378906,"orthographic":false}