{"cameraMode":{"drawMode":0,"name":"Shaded","section":"Shading Mode"},"sceneLighting":false,"audioPlay":false,"sceneViewState":{"showFog":false,"showMaterialUpdate":false,"showSkybox":false,"showFlares":false,"showImageEffects":true,"showParticleSystems":true},"in2DMode":false,"pivot":{"x":-87.35401153564453,"y":569.4581909179688,"z":-85.61430358886719},"rotation":{"x":0.6498190760612488,"y":-0.11702214926481247,"z":0.10220294445753098,"w":0.7440400719642639},"size":129.62088012695313,"orthographic":false}