{"cameraMode":{"drawMode":0,"name":"Shaded","section":"Shading Mode"},"sceneLighting":false,"audioPlay":false,"sceneViewState":{"showFog":false,"showMaterialUpdate":false,"showSkybox":false,"showFlares":false,"showImageEffects":true,"showParticleSystems":true},"in2DMode":false,"pivot":{"x":25.656795501708986,"y":580.337158203125,"z":-103.4862289428711},"rotation":{"x":0.39119547605514529,"y":-0.5545578002929688,"z":0.33084002137184145,"w":0.6557261347770691},"size":111.00349426269531,"orthographic":false}