{"cameraMode":{"drawMode":0,"name":"Shaded","section":"Shading Mode"},"sceneLighting":false,"audioPlay":false,"sceneViewState":{"showFog":false,"showMaterialUpdate":false,"showSkybox":false,"showFlares":false,"showImageEffects":true,"showParticleSystems":true},"in2DMode":false,"pivot":{"x":-152.87570190429688,"y":442.77325439453127,"z":176.9302978515625},"rotation":{"x":0.6150119304656982,"y":-0.0011828843271359802,"z":0.0009223577799275518,"w":0.7885164618492127},"size":481.57208251953127,"orthographic":false}