{"cameraMode":{"drawMode":0,"name":"Shaded","section":"Shading Mode"},"sceneLighting":false,"audioPlay":false,"sceneViewState":{"showFog":false,"showMaterialUpdate":false,"showSkybox":false,"showFlares":false,"showImageEffects":true,"showParticleSystems":true},"in2DMode":false,"pivot":{"x":-58.87778854370117,"y":397.7444763183594,"z":90.62109375},"rotation":{"x":-0.2404104322195053,"y":0.09156710654497147,"z":-0.02278664894402027,"w":-0.9660740494728088},"size":728.6275634765625,"orthographic":false}