{"cameraMode":{"drawMode":0,"name":"Shaded","section":"Shading Mode"},"sceneLighting":false,"audioPlay":false,"sceneViewState":{"showFog":false,"showMaterialUpdate":false,"showSkybox":false,"showFlares":false,"showImageEffects":true,"showParticleSystems":true},"in2DMode":false,"pivot":{"x":119.30149841308594,"y":533.1044921875,"z":-115.80000305175781},"rotation":{"x":0.6498190760612488,"y":-0.11702214926481247,"z":0.10220294445753098,"w":0.7440400719642639},"size":195.62249755859376,"orthographic":false}